residue,mean_residence_time,SE
1,2.5846957354906244,0.26812934737902927
2,2.9703693497493107,0.27751143580141224
3,11.078689684335082,1.9399276126539118
4,4.308070153559189,0.7545986285873522
5,3.8710065428561817,0.5768662013053852
6,4.080538330635992,0.8061509209705215
7,1.975344392138402,0.40261024348186814
8,2.124927628137195,0.23388152147937966
9,2.6232381463624006,0.4898830197837265
10,3.527472166440395,0.6661708951605492
11,21.469551142123045,8.226636966365351
12,5.1299914337888035,2.189100045087996
13,4.90318389705035,1.3286084122414337
119,0.7111621882479695,0.04265111629548361
120,1.1495060390884146,0.19302672928975656
121,0.647694456510179,0.0947467460353092
122,2.803871518553127,0.852396260619926
123,2.093954448963946,0.22059064022530203
124,2.7107324486603024,0.31430434609690616
125,2.5764037987368003,0.2601117432344745
126,2.4419160281300005,0.2782152308790937
127,2.694373871953653,0.4434532309264829
128,1.5937870578392646,0.22761162307443916
