residue,mean_residence_time,SE
1,2.3360938200366106,0.16645251777233067
2,3.5526621989712845,0.4794899377074141
3,3.3313304313989622,0.4083990597559775
4,0.9868308165318871,0.12367343008118412
5,1.2440603178322485,0.30578504364921355
6,1.2079613955308182,0.22004331119540332
7,1.0995543818878006,0.15123985686048896
8,2.114561759377132,0.3503577721907419
9,2.6349768158772267,0.5545425671349345
10,2.6151309327865215,0.405600886490379
11,3.4168528950620005,0.45919151807839337
12,2.0678610507075375,0.24097261200194836
13,1.9611320384129078,0.28358391904863894
14,1.1592950388165848,0.18597288023722736
15,1.0883167888075576,0.17252954272704218
16,2.0927230836986457,0.3201753924474746
17,1.944024641714906,0.31523418207882015
18,2.3316044427509293,0.450834901378426
19,2.010538317765334,0.46642776339750763
20,1.735016903353342,0.19892604547378387
21,1.4051871270967384,0.14773783424862127
22,0.7153476858204534,0.11236755779091943
23,1.5628436702252109,0.14281088786167606
