residue,mean_residence_time,SE
1,3.634664171555969,1.1203763383420604
2,15.420774306136847,1.7402948864676242
3,3.284344548607251,0.46576154355232097
4,2.0039353119638488,0.35533396817168544
5,2.9206554066677963,0.6121161286532238
6,4.379125126094462,1.624557973434456
7,1.5557578477528995,0.4223757975278432
8,5.742987344684373,0.8011393283749273
9,2.2122549885228873,0.3489464075702357
10,2.4801492248824477,0.36217896541950906
11,2.009936227713143,0.24531584470962453
12,1.9151055141180808,0.21539896388955043
13,2.196107338840139,0.38479904852485824
14,2.7501169351298267,0.5922199981712757
15,1.36392623359486,0.3447190863136274
16,1.1615086657356744,0.18733290152223253
17,5.178595582845282,0.4633724635888381
18,1.5355401532580388,0.12438720245274315
19,1.2927378641908924,0.1261911859090112
20,0.8580476931422646,0.07389896163883646
21,1.341883139418071,0.1965841566784469
22,2.80169285260092,0.4366839902284038
23,3.1961323122202123,1.1835561499114922
24,1.0031006146983956,0.12281532647153787
25,1.1851241675228203,0.18346319466096106
26,10.935596265744808,3.6193606143146377
27,3.031745490973339,0.3828944400125561
28,2.748102444489208,0.38189753579262425
29,1.2337355332082842,0.34265667385854387
30,1.0126725908462568,0.22616101128559676
31,1.5504174236770831,0.27827861097957374
32,1.9466111432528215,0.3333218458653965
33,1.3047122550573689,0.2767251298363178
34,1.6027863285232693,0.3108326734949049
35,0.7482950488272655,0.11448896022189399
36,4.61562083736391,1.1410791082760539
