residue,mean_residence_time,SE
1,4.019344163629135,0.6015440643252605
2,4.2498126101272575,0.5409588717150039
3,6.6371519177313365,0.7566506683305578
4,2.8013328001764966,0.3070355872766119
5,2.956404169435364,0.3571848566037083
6,2.1797886794263444,0.33297659544954494
7,2.240200438742981,0.3997367901441347
8,2.0400298895306768,0.22131753019911368
9,1.889732796374213,0.23298101238695215
10,1.5230554908338403,0.16426882683577107
11,2.69024747168003,0.4135068250029799
12,2.4865306862596657,0.30447701906687
13,2.1605674585479697,0.3118377388340408
14,2.054855653378903,0.21297936669709666
15,2.197637630253217,0.39347444247699476
16,4.071844430760626,1.0946095535418963
17,6.1329022410416965,0.5112060007408818
18,2.097441430959399,0.2815696848281076
19,5.948390854626089,0.8857276802908794
20,1.872642937458373,0.465266030229119
