Residue,T,E,B,H,G,I,C
S1,0.08948,0.00024224,0.00087360,0.00000000,0.0000000,0.000000000,0.9094
G2,0.12012,0.00135550,0.00182452,0.00005669,0.0002706,0.000000000,0.8764
R3,0.19720,0.00161578,0.00834433,0.00021389,0.0009123,0.000002577,0.7917
G4,0.29144,0.00052571,0.00416186,0.00024482,0.0043654,0.000005154,0.6993
K5,0.29243,0.00007731,0.00134519,0.00027059,0.0188920,0.000005154,0.6870
Q6,0.30540,0.00101534,0.00563075,0.00090195,0.0509112,0.000005154,0.6361
G7,0.33840,0.00124985,0.00720787,0.00097926,0.0518415,0.000005154,0.6003
G8,0.37176,0.00070352,0.00254092,0.00091484,0.0395235,0.000002577,0.5846
K9,0.36945,0.00080145,0.00602245,0.00084526,0.0063214,0.000000000,0.6166
T10,0.35701,0.00040717,0.00407166,0.00084268,0.0017524,0.000000000,0.6359
R11,0.30902,0.00013400,0.00103338,0.00852730,0.0077284,0.000000000,0.6736
A12,0.29106,0.00012885,0.00116738,0.00852730,0.0093777,0.000000000,0.6897
K13,0.22174,0.00000000,0.00003608,0.00852730,0.0126608,0.000000000,0.7570
K119,0.35701,0.00056179,0.00483445,0.00961479,0.0780625,0.000000000,0.5499
T120,0.45229,0.00052055,0.00582918,0.01093164,0.0444533,0.000000000,0.4860
E121,0.42386,0.00001031,0.00034274,0.01589494,0.0519240,0.000000000,0.5080
S122,0.45929,0.00016751,0.00127819,0.01684843,0.0673345,0.000000000,0.4551
S123,0.46937,0.00188894,0.00777481,0.01538985,0.0613094,0.000000000,0.4443
K124,0.38097,0.00187606,0.00530347,0.01140838,0.0435024,0.000000000,0.5569
S125,0.34645,0.00069064,0.01569651,0.00822063,0.0152069,0.000000000,0.6137
K126,0.24089,0.00063394,0.00706614,0.00591679,0.0079114,0.000000000,0.7376
S127,0.16375,0.00029636,0.00412320,0.00277801,0.0014096,0.000000000,0.8276
K128,0.07270,0.00021389,0.00185029,0.00014947,0.0000000,0.000000000,0.9251
