Residue,T,E,B,H,G,I,C
A1,0.08003,0.00013916,0.0021905,0.000000,0.000000,0.00000000,0.9176
K2,0.09883,0.01264534,0.0082258,0.000000,0.000000,0.00000000,0.8803
S3,0.11179,0.01471983,0.0386911,0.000000,0.000000,0.00000000,0.8348
A4,0.12435,0.00265173,0.0054169,0.000000,0.000000,0.00000000,0.8676
P5,0.16270,0.00255896,0.0030666,0.000201,0.000000,0.00000000,0.8315
6A,0.28984,0.00104884,0.0052906,0.013957,0.045252,0.00004896,0.6446
P7,0.36230,0.00074733,0.0057828,0.013991,0.061309,0.00006700,0.5558
K8,0.42678,0.00068033,0.0024327,0.014006,0.065518,0.00006700,0.4905
K9,0.43594,0.00056694,0.0014586,0.015712,0.024159,0.00006700,0.5221
G10,0.33465,0.00770008,0.0074681,0.003914,0.011171,0.00006700,0.6350
S11,0.32293,0.00840875,0.0082593,0.002848,0.013787,0.00001804,0.6437
K12,0.29697,0.00843968,0.0029919,0.009805,0.014735,0.00000000,0.6671
K13,0.34484,0.00932359,0.0055972,0.010599,0.013114,0.00000000,0.6165
A14,0.36582,0.00223941,0.0066847,0.026401,0.025561,0.00000000,0.5733
V15,0.31531,0.00731353,0.0347405,0.030671,0.041271,0.00000000,0.5707
T16,0.33629,0.00613326,0.0044324,0.031555,0.049734,0.00000000,0.5719
K17,0.32114,0.00044324,0.0014740,0.033478,0.046765,0.00000000,0.5967
T18,0.31895,0.00020101,0.0028682,0.031061,0.026133,0.00000000,0.6208
Q19,0.29988,0.00012370,0.0043371,0.018147,0.013491,0.00000000,0.6640
K20,0.30730,0.00030666,0.0013323,0.003237,0.007015,0.00000000,0.6808
K21,0.27371,0.00027059,0.0010746,0.001322,0.011839,0.00000000,0.7118
D22,0.28215,0.00005669,0.0004201,0.001160,0.011937,0.00000000,0.7043
G23,0.34514,0.00005154,0.0050458,0.045100,0.013424,0.00000000,0.5912
