Reside	dG_mean(kcal/mol)	be_se
S1	1.3643848	0.2874468
G2	-1.1605316	0.1068492
R3	-6.5794683	0.3186678
G4	-1.2794198	0.1497598
K5	-2.8229845	0.2525563
Q6	-2.211881	0.2714024
G7	-0.5671877	0.1094781
G8	-0.5431496	0.1031988
K9	-2.002751	0.2139601
T10	-1.6987135	0.2431839
R11	-7.0505031	0.3608323
A12	-1.041064	0.172493
K13	-3.666424	0.3344594
K119	-1.1944285	0.07952663
T120	-0.3651167	0.10531202
E121	1.5095829	0.07168463
S122	-0.8728666	0.13483155
S123	-0.9245841	0.12604419
K124	-1.815315	0.17736859
S125	-1.7026365	0.2058456
K126	-2.3068309	0.19336409
S127	-1.24981	0.14779901
K128	0.5201263	0.11933539
